makeCert,encryptMsg,decryptEmail
141119446,65841360,1176758
162439258,64116737,1176122
197255117,61558140,1395717
113184583,65554078,1257548
172898029,78587011,1167014
71335367,64865465,1147832
255556653,62583930,1476285
81882560,56176881,1227244
89054174,60247684,1109692
64994948,65038914,1163812
129955155,68396363,1175479
86794837,61390160,1343229
100987194,57477788,1151037
62038287,57261921,1141236
118371864,71168840,1412634
54323702,64103160,1299356
69908457,68670279,1409689
87062426,60552122,1182151
92813830,79339794,1134088
74124980,61807658,1309941
68961515,59340134,1173003
179706509,60515635,1467360
163134390,66990471,1145495
104225014,62693853,1167432
105705826,63284689,1163946
70643134,57835046,1471548
135154632,63514933,1182282
61040984,57490946,1167475
47588202,61625195,1364570
88679975,59307851,1148310
86571168,62807207,1190335
76522558,61968664,1145181
121305337,67011042,1231992
107897741,60888675,1147946
115180077,63834993,1331362
70436652,58663647,1361790
42636469,65648089,1346183
212507824,66658070,1333437
87425035,61026925,1170428
116608902,62165827,1233072
101407627,56716045,1142116
259285429,59630142,1161564
76613164,62114095,1140613
85459847,63813323,1142941
58596882,60471246,1160107
77314852,61531767,1161132
59261107,59543572,1238093
112926910,66204115,1218668
341158190,56962333,1159279
127896970,61760968,1596635
185292387,62981889,1678182
93629267,74897409,1435094
63548583,64039193,1183727
121514044,57535436,1135757
71497941,57610094,1126668
120738874,58314819,1180769
88851734,60092714,1415790
132948148,65266139,1175357
162932683,65439749,1218564
126461150,63564089,1165536
234254810,63956611,1189300
230971605,57906755,1229935
150773603,57839142,1172908
44615855,65318082,1179788
227611687,60866133,1439256
101743000,65916669,1345201
295011216,63508962,1371304
179512022,59622985,1235690
230617251,58730238,1211633
143288610,65180312,1209537
127823187,60107026,1169936
149967750,59002901,1189561
109625347,59144306,1129813
107433061,71893248,1190377
106058617,62639376,1237369
46935437,62164034,1454250
313803406,63742426,1142842
160122680,59630860,1324022
167737057,61215207,1202870
109687479,68536838,1207723
63046996,65628745,1740122
92054469,70261004,1317008
131611609,65524937,1430172
64879263,61007877,1165031
96998943,62061310,1458762
110190724,68713895,1181570
113388246,65409916,1552147
169684066,58966596,1350837
58795951,69659953,1183822
58917711,60097319,1301959
138377246,59778420,1142074
74019705,65006956,1411189
89011363,59071460,1360146
208489996,59745563,1148443
151820755,58121754,1404847
41368574,67603784,1165613
159299514,59366655,1195119
72082853,66467374,1292977
109005193,59178741,1173395
59253798,60036094,1182122
