createDB,createTable,createAccount,createPost,readPost
5856710,6771751,5710704,6117074,5694099
5022828,5014075,5045912,5499992,5114654
5338616,4860710,5127402,5590146,5219386
4768556,4808751,4943929,5229526,4886146
4650518,5000252,4788986,5044169,5191907
4785698,4454309,4941819,4901669,4496140
4582638,3809206,4514667,4625702,4232480
3793282,3848153,4333991,4405637,4330285
3710139,4164280,4549750,4415102,4164321
3831078,3650040,3706314,4335804,4268243
3646386,3446490,3685323,4298478,5041025
3640937,3774654,3537004,3714065,4182917
3725833,3483394,3640867,3872539,4195527
3760633,3373522,4001530,3673435,4230297
11416781,4870953,3667947,3880000,3970343
3781375,3727925,3488933,3830478,3893140
3596873,3515522,3551485,3870336,3838639
3931406,3761425,4096680,3928762,3948231
3642940,3733675,3539467,3670971,4131341
3454141,3310099,3585555,3730830,4151922
3679525,3420101,3570413,3650511,3718321
3571365,3635228,3284751,3815085,3491406
3330448,3383858,3115751,3647427,3338871
3984354,3509803,3789476,5023640,3785491
3239735,2990157,3141930,3349927,3267105
3056714,2985259,3146617,3630783,3297349
3341916,3243930,3085787,3318361,3050004
2941744,2867324,3248005,3445827,3171949
3022269,8045354,3599667,3970577,3418340
3340925,3552354,3045395,3351110,3410441
3245094,3276109,3097319,3225627,3113208
3155851,2975929,2918150,3354938,3281342
3239531,4212496,3771200,3725488,4043493
4075409,3728857,3732103,3817773,3820186
3973043,3809992,3753395,4041737,5093895
4246119,4474148,4339364,4584342,3986445
3430910,3094803,3322320,3942460,3386323
3076158,2977623,2881823,3160914,3201971
3064711,2937966,2892147,3721689,3305450
3027251,3296458,2927753,3447862,3276109
3373753,3187566,3504828,3415624,3831844
3360672,2988157,3427071,3511886,3200047
3265925,3336374,3304587,3910964,3358858
2898693,2716645,2915934,3088258,3271779
2953615,2771207,3396488,3369374,3114852
3113368,2998171,2969703,3444303,3299395
3139240,3036935,3125467,3440323,3312728
3050167,3244724,2859017,3261614,3488970
3005248,3088549,3234610,3722130,3751501
3282925,3670798,3407325,3394122,3298984
3272239,3101159,3102592,3347440,3307464
3180550,2937026,4675421,3622240,3216787
3108396,3201790,3524867,3052321,2969462
2879637,2905078,2626560,3000117,3025187
3191566,2831792,2956020,3398092,3148272
2922808,2884842,2994703,3262106,3346147
2864251,2779206,2864461,3188498,3349073
3089742,2909408,2811032,3262326,3537717
3334308,3113037,3160860,3601785,3152012
3273874,2892445,2997884,3169854,2942147
2650666,2610981,2803274,3004848,3167870
2689451,2815232,2706090,2949554,3679047
3367218,2905889,3002141,3029637,3112416
3736646,2868551,3116456,3135232,2998001
3549556,2976279,3252943,3335572,3044813
3263719,3464411,2707994,3012697,3030440
3124486,2814380,3331743,3351661,3150758
2944021,2941245,2869924,3703726,3084138
3002712,2719714,2704386,2937907,3629388
3161814,2875577,3054878,3120976,3039601
3606503,3260522,2979727,3422190,3225578
3115865,4050531,3179888,3316085,3104296
3179487,3453756,3193821,3485202,2898162
3097922,2880769,3125256,3087175,3017969
3069032,3092749,2934338,3394193,3777012
3239722,2982695,2754628,3271188,3236965
3039310,2818640,2787425,3037566,3255680
3298492,3086503,2864169,3282995,3386976
3124336,3536746,3049796,3358547,3831332
3284770,3299345,3388469,3676280,3823855
3481913,3732185,5126906,4606915,3383166
3441667,3009900,3008677,3290174,3044543
2820134,2943932,2855910,3116727,3264180
3156812,2662876,2822229,3122901,2796748
2708807,2695514,2792558,3109259,2749946
2749745,2930158,2638598,2943250,2818460
2658977,2610540,2764811,2926399,3076138
2772249,2609789,2499113,3009550,2964100
2823362,2737505,2643720,2961784,2779216
2826940,2616434,2517408,2919402,2881580
2703930,2811625,2530614,2859439,2754172
2750952,3158490,2774126,2968057,2677374
2681678,2879985,2740197,2881690,2766260
2686755,2590395,2821718,2983969,2820424
2646787,2988845,2760451,3300184,2835181
2784037,2600879,2538449,2927778,2863913
2594859,2494146,2428255,3014326,3146309
2728920,2654190,2601471,2837118,2865358
2875340,2560911,2528075,2730606,2741300
2628257,2784689,2664875,2837980,2799667
